Country,"Density
(P/Km2)",Abbreviation,Agricultural Land,Agricultural Land(%),Land Area(Km2),Armed Forces size,Birth Rate,Calling Code,Capital/Major City,Co2-Emissions,CPI,CPI Change ,CPI Change (%),Currency-Code,Fertility Rate,Forested Area ,Forested Area(%),Gasoline Pice($),GDP($),Gross primary education enrollment ,Gross primary education enrollment(%),Gross tertiary education enrollment ,Gross tertiary education enrollment (%),Infant mortality,Largest city,Life expectancy,Maternal mortality ratio,Minimum wage($),Official language,Out of pocket health expenditure,Out of pocket health expenditure(%),Physicians per thousand,Population,Population: Labor force participation ,Population: Labor force participation (%),Tax revenue ,Tax revenue(%),Total tax rate,Total tax rate(%),Unemployment rate,Unemployment rate(%),Urban_population,Latitude,Longitude
Afghanistan,60,AF,0.581,58.1,"652,230","323,000",32.49,93,Kabul,"8,672",149.9,0.023,2.3,AFN,4.47,0.021,2.1,0.7,"19,101,353,833",1.04,104,0.097,9.7,47.9,Kabul,64.5,638,0.43,Pashto,0.784,78.4,0.28,"38,041,754",0.489,48.9,0.093,9.3,0.714,71.4,0.1112,11.12,"9,797,273",33.93911,67.709953
Albania,105,AL,0.431,43.1,"28,748","9,000",11.78,355,Tirana,"4,536",119.05,0.014,1.4,ALL,1.62,0.281,28.1,1.36,"15,278,077,447",1.07,107,0.55,55,7.8,Tirana,78.5,15,1.12,Albanian,0.569,56.9,1.2,"2,854,191",0.557,55.7,0.186,18.6,0.366,36.6,0.1233,12.33,"1,747,593",41.153332,20.168331
Algeria,18,DZ,0.174,17.4,"2,381,741","317,000",24.28,213,Algiers,"150,006",151.36,0.02,2,DZD,3.02,0.008,0.8,0.28,"169,988,236,398",1.099,109.9,0.514,51.4,20.1,Algiers,76.7,112,0.95,Arabic,0.281,28.1,1.72,"43,053,054",0.412,41.2,0.372,37.2,0.661,66.1,0.117,11.7,"31,510,100",28.033886,1.659626
Andorra,164,AD,0.4,40,468,,7.2,376,Andorra la Vella,469,,,0,EUR,1.27,0.34,34,1.51,"3,154,057,987",1.064,106.4,,0,2.7,Andorra la Vella,,,6.63,Catalan,0.364,36.4,3.33,"77,142",,0,,0,,0,,0,"67,873",42.506285,1.521801
Angola,26,AO,0.475,47.5,"1,246,700","117,000",40.73,244,Luanda,"34,693",261.73,0.171,17.1,AOA,5.52,0.463,46.3,0.97,"94,635,415,870",1.135,113.5,0.093,9.3,51.6,Luanda,60.8,241,0.71,Portuguese,0.334,33.4,0.21,"31,825,295",0.775,77.5,0.092,9.2,0.491,49.1,0.0689,6.89,"21,061,025",-11.202692,17.873887
Antigua and Barbuda,223,AG,0.205,20.5,443,0,15.33,1,"St. John's, Saint John",557,113.81,0.012,1.2,XCD,1.99,0.223,22.3,0.99,"1,727,759,259",1.05,105,0.248,24.8,5,"St. John's, Saint John",76.9,42,3.04,English,0.243,24.3,2.76,"97,118",,0,0.165,16.5,0.43,43,,0,"23,800",17.060816,-61.796428
Argentina,17,AR,0.543,54.3,"2,780,400","105,000",17.02,54,Buenos Aires,"201,348",232.75,0.535,53.5,ARS,2.26,0.098,9.8,1.1,"449,663,446,954",1.097,109.7,0.9,90,8.8,Buenos Aires,76.5,39,3.35,Spanish,0.176,17.6,3.96,"44,938,712",0.613,61.3,0.101,10.1,1.063,106.3,0.0979,9.79,"41,339,571",-38.416097,-63.616672
Armenia,104,AM,0.589,58.9,"29,743","49,000",13.99,374,Yerevan,"5,156",129.18,0.014,1.4,AMD,1.76,0.117,11.7,0.77,"13,672,802,158",0.927,92.7,0.546,54.6,11,Yerevan,74.9,26,0.66,Armenian,0.816,81.6,4.4,"2,957,731",0.556,55.6,0.209,20.9,0.226,22.6,0.1699,16.99,"1,869,848",40.069099,45.038189
Australia,3,AU,0.482,48.2,"7,741,220","58,000",12.6,61,Canberra,"375,908",119.8,0.016,1.6,AUD,1.74,0.163,16.3,0.93,"1,392,680,589,329",1.003,100.3,1.131,113.1,3.1,Sydney,82.7,6,13.59,None,0.196,19.6,3.68,"25,766,605",0.655,65.5,0.23,23,0.474,47.4,0.0527,5.27,"21,844,756",-25.274398,133.775136
Austria,109,AT,0.324,32.4,"83,871","21,000",9.7,43,Vienna,"61,448",118.06,0.015,1.5,EUR,1.47,0.469,46.9,1.2,"446,314,739,528",1.031,103.1,0.851,85.1,2.9,Vienna,81.6,5,,German,0.179,17.9,5.17,"8,877,067",0.607,60.7,0.254,25.4,0.514,51.4,0.0467,4.67,"5,194,416",47.516231,14.550072
Azerbaijan,123,AZ,0.577,57.7,"86,600","82,000",14,994,Baku,"37,620",156.32,0.026,2.6,AZN,1.73,0.141,14.1,0.56,"39,207,000,000",0.997,99.7,0.277,27.7,19.2,Baku,72.9,26,0.47,Azerbaijani language,0.786,78.6,3.45,"10,023,318",0.665,66.5,0.13,13,0.407,40.7,0.0551,5.51,"5,616,165",40.143105,47.576927
The Bahamas,39,BS,0.014,1.4,"13,880","1,000",13.97,1,"Nassau, Bahamas","1,786",116.22,0.025,2.5,,1.75,0.514,51.4,0.92,"12,827,000,000",0.814,81.4,0.151,15.1,8.3,"Nassau, Bahamas",73.8,70,5.25,English,0.278,27.8,1.94,"389,482",0.746,74.6,0.148,14.8,0.338,33.8,0.1036,10.36,"323,784",25.03428,-77.39628
Bahrain,"2,239",BH,0.111,11.1,765,"19,000",13.99,973,Manama,"31,694",117.59,0.021,2.1,BHD,1.99,0.008,0.8,0.43,"38,574,069,149",0.994,99.4,0.505,50.5,6.1,Riffa,77.2,14,,Arabic,0.251,25.1,0.93,"1,501,635",0.734,73.4,0.042,4.2,0.138,13.8,0.0071,0.71,"1,467,109",26.0667,50.5577
Bangladesh,"1,265",BD,0.706,70.6,"148,460","221,000",18.18,880,Dhaka,"84,246",179.68,0.056,5.6,BDT,2.04,0.11,11,1.12,"302,571,254,131",1.165,116.5,0.206,20.6,25.1,Dhaka,72.3,173,0.51,Bengali,0.718,71.8,0.58,"167,310,838",0.59,59,0.088,8.8,0.334,33.4,0.0419,4.19,"60,987,417",23.684994,90.356331
Barbados,668,BB,0.233,23.3,430,"1,000",10.65,1,Bridgetown,"1,276",134.09,0.041,4.1,BBD,1.62,0.147,14.7,1.81,"5,209,000,000",0.994,99.4,0.654,65.4,11.3,Bridgetown,79.1,27,3.13,English,0.452,45.2,2.48,"287,025",0.652,65.2,0.275,27.5,0.356,35.6,0.1033,10.33,"89,431",13.193887,-59.543198
Belarus,47,BY,0.42,42,"207,600","155,000",9.9,375,Minsk,"58,280",,0.056,5.6,BYN,1.45,0.426,42.6,0.6,"63,080,457,023",1.005,100.5,0.874,87.4,2.6,Minsk,74.2,2,1.49,Russian,0.345,34.5,5.19,"9,466,856",0.641,64.1,0.147,14.7,0.533,53.3,0.0459,4.59,"7,482,982",53.709807,27.953389
Belgium,383,BE,0.446,44.6,"30,528","32,000",10.3,32,City of Brussels,"96,889",117.11,0.014,1.4,EUR,1.62,0.226,22.6,1.43,"529,606,710,418",1.039,103.9,0.797,79.7,2.9,Brussels,81.6,5,10.31,French,0.176,17.6,3.07,"11,484,055",0.536,53.6,0.24,24,0.554,55.4,0.0559,5.59,"11,259,082",50.503887,4.469936
Belize,17,BZ,0.07,7,"22,966","2,000",20.79,501,Belmopan,568,105.68,-0.009,-0.9,BZD,2.31,0.597,59.7,1.13,"1,879,613,600",1.117,111.7,0.247,24.7,11.2,Belize City,74.5,36,1.65,English,0.227,22.7,1.12,"390,353",0.651,65.1,0.263,26.3,0.311,31.1,0.0641,6.41,"179,039",17.189877,-88.49765
Benin,108,BJ,0.333,33.3,"112,622","12,000",36.22,229,Porto-Novo,"6,476",110.71,-0.009,-0.9,XOF,4.84,0.378,37.8,0.72,"14,390,709,095",1.22,122,0.123,12.3,60.5,Cotonou,61.5,397,0.39,French,0.405,40.5,0.08,"11,801,151",0.709,70.9,0.108,10.8,0.489,48.9,0.0223,2.23,"5,648,149",9.30769,2.315834
Bhutan,20,BT,0.136,13.6,"38,394","6,000",17.26,975,Thimphu,"1,261",167.18,0.027,2.7,,1.98,0.725,72.5,0.98,"2,446,674,101",1.001,100.1,0.156,15.6,24.8,Thimphu,71.5,183,0.32,Dzongkha,0.198,19.8,0.42,"727,145",0.667,66.7,0.16,16,0.353,35.3,0.0234,2.34,"317,538",27.514162,90.433601
Bolivia,11,BO,0.348,34.8,"1,098,581","71,000",21.75,591,Sucre,"21,606",148.32,0.018,1.8,BOB,2.73,0.503,50.3,0.71,"40,895,322,865",0.982,98.2,,0,21.8,Santa Cruz de la Sierra,71.2,155,1.36,Spanish,0.259,25.9,1.59,"11,513,100",0.718,71.8,0.17,17,0.837,83.7,0.035,3.5,"8,033,035",-16.290154,-63.588653
Bosnia and Herzegovina,64,BA,0.431,43.1,"51,197","11,000",8.11,387,Sarajevo,"21,848",104.9,0.006,0.6,BAM,1.27,0.427,42.7,1.05,"20,047,848,435",,0,0.233,23.3,5,Tuzla Canton,77.3,10,1.04,Bosnian,0.286,28.6,2.16,"3,301,000",0.464,46.4,0.204,20.4,0.237,23.7,0.1842,18.42,"1,605,144",43.915886,17.679076
Botswana,4,BW,0.456,45.6,"581,730","9,000",24.82,267,Gaborone,"6,340",149.75,0.028,2.8,BWP,2.87,0.189,18.9,0.71,"18,340,510,789",1.032,103.2,0.249,24.9,30,Gaborone,69.3,144,0.29,English,0.053,5.3,0.37,"2,346,179",0.708,70.8,0.195,19.5,0.251,25.1,0.1819,18.19,"1,616,550",-22.328474,24.684866
Brazil,25,BR,0.339,33.9,"8,515,770","730,000",13.92,55,Bras���,"462,299",167.4,0.037,3.7,BRL,1.73,0.589,58.9,1.02,"1,839,758,040,766",1.154,115.4,0.513,51.3,12.8,S����,75.7,60,1.53,Portuguese,0.283,28.3,2.15,"212,559,417",0.639,63.9,0.142,14.2,0.651,65.1,0.1208,12.08,"183,241,641",-14.235004,-51.92528
Brunei,83,BN,0.027,2.7,"5,765","8,000",14.9,673,Bandar Seri Begawan,"7,664",99.03,-0.004,-0.4,BND,1.85,0.721,72.1,0.37,"13,469,422,941",1.032,103.2,0.314,31.4,9.8,,75.7,31,,Malay,0.06,6,1.61,"433,285",0.647,64.7,,0,0.08,8,0.0912,9.12,"337,711",4.535277,114.727669
Bulgaria,64,BG,0.463,46.3,"110,879","31,000",8.9,359,Sofia,"41,708",114.42,0.031,3.1,BGN,1.56,0.354,35.4,1.11,"86,000,000,000",0.893,89.3,0.71,71,5.9,Sofia,74.9,10,1.57,Bulgarian,0.477,47.7,4.03,"6,975,761",0.554,55.4,0.202,20.2,0.283,28.3,0.0434,4.34,"5,256,027",42.733883,25.48583
Burkina Faso,76,BF,0.442,44.2,"274,200","11,000",37.93,226,Ouagadougou,"3,418",106.58,-0.032,-3.2,XOF,5.19,0.193,19.3,0.98,"15,745,810,235",0.961,96.1,0.065,6.5,49,Ouagadougou,61.2,320,0.34,French,0.361,36.1,0.08,"20,321,378",0.664,66.4,0.15,15,0.413,41.3,0.0626,6.26,"6,092,349",12.238333,-1.561593
Burundi,463,BI,0.792,79.2,"27,830","31,000",39.01,257,Bujumbura,495,182.11,-0.007,-0.7,BIF,5.41,0.109,10.9,1.21,"3,012,334,882",1.214,121.4,0.061,6.1,41,Bujumbura,61.2,548,,Kirundi,0.191,19.1,0.1,"11,530,580",0.792,79.2,0.136,13.6,0.412,41.2,0.0143,1.43,"1,541,177",-3.373056,29.918886
Ivory Coast,83,CI,0.648,64.8,"322,463","27,000",35.74,225,Yamoussoukro,"9,674",111.61,-0.009,-0.9,XOF,4.65,0.327,32.7,0.93,"58,792,205,642",0.998,99.8,0.093,9.3,59.4,Abidjan,57.4,617,0.36,French,0.36,36,0.23,"25,716,544",0.57,57,0.118,11.8,0.501,50.1,0.0332,3.32,"13,176,900",7.539989,-5.54708
Cape Verde,138,CV,0.196,19.6,"4,033","1,000",19.49,238,Praia,543,110.5,0.011,1.1,CVE,2.27,0.225,22.5,1.02,"1,981,845,741",1.04,104,0.236,23.6,16.7,Praia,72.8,58,0.68,Portuguese,0.232,23.2,0.77,"483,628",0.605,60.5,0.201,20.1,0.375,37.5,0.1225,12.25,"364,029",16.5388,-23.0418
Cambodia,95,KH,0.309,30.9,"181,035","191,000",22.46,855,Phnom Penh,"9,919",127.63,0.025,2.5,,2.5,0.529,52.9,0.9,"27,089,389,787",1.074,107.4,0.137,13.7,24,Phnom Penh,69.6,160,,Khmer language,0.594,59.4,0.17,"16,486,542",0.823,82.3,0.171,17.1,0.231,23.1,0.0068,0.68,"3,924,621",12.565679,104.990963
Cameroon,56,CM,0.206,20.6,"475,440","24,000",35.39,237,Yaound�,"8,291",118.65,0.025,2.5,XAF,4.57,0.393,39.3,1.03,"38,760,467,033",1.034,103.4,0.128,12.8,50.6,Douala,58.9,529,0.35,French,0.697,69.7,0.09,"25,876,380",0.761,76.1,0.128,12.8,0.577,57.7,0.0338,3.38,"14,741,256",7.369722,12.354722
Canada,4,CA,0.069,6.9,"9,984,670","72,000",10.1,1,Ottawa,"544,894",116.76,0.019,1.9,CAD,1.5,0.382,38.2,0.81,"1,736,425,629,520",1.009,100.9,0.689,68.9,4.3,Toronto,81.9,10,9.51,French,0.146,14.6,2.61,"36,991,981",0.651,65.1,0.128,12.8,0.245,24.5,0.0556,5.56,"30,628,482",56.130366,-106.346771
Central African Republic,8,CF,0.082,8.2,"622,984","8,000",35.35,236,Bangui,297,186.86,0.371,37.1,,4.72,0.356,35.6,1.41,"2,220,307,369",1.02,102,0.03,3,84.5,Bangui,52.8,829,0.37,French,0.396,39.6,0.06,"4,745,185",0.72,72,0.086,8.6,0.733,73.3,0.0368,3.68,"1,982,064",6.611111,20.939444
Chad,13,TD,0.397,39.7,"1,284,000","35,000",42.17,235,N'Djamena,"1,016",117.7,-0.01,-1,XAF,5.75,0.038,3.8,0.78,"11,314,951,343",0.868,86.8,0.033,3.3,71.4,N'Djamena,54,1140,0.6,French,0.564,56.4,0.04,"15,946,876",0.707,70.7,,0,0.635,63.5,0.0189,1.89,"3,712,273",15.454166,18.732207
Chile,26,CL,0.212,21.2,"756,096","122,000",12.43,56,Santiago,"85,822",131.91,0.026,2.6,CLP,1.65,0.243,24.3,1.03,"282,318,159,745",1.014,101.4,0.885,88.5,6.2,Santiago,80,13,2,Spanish,0.322,32.2,2.59,"18,952,038",0.626,62.6,0.182,18.2,0.34,34,0.0709,7.09,"16,610,135",-35.675147,-71.542969
China,153,CN,0.562,56.2,"9,596,960","2,695,000",10.9,86,Beijing,"9,893,038",125.08,0.029,2.9,CNY,1.69,0.224,22.4,0.96,"19,910,000,000,000",1.002,100.2,0.506,50.6,7.4,Shanghai,77,29,0.87,Standard Chinese,0.324,32.4,1.98,"1,397,715,000",0.68,68,0.094,9.4,0.592,59.2,0.0432,4.32,"842,933,962",35.86166,104.195397
Colombia,46,CO,0.403,40.3,"1,138,910","481,000",14.88,57,Bogot�,"97,814",140.95,0.035,3.5,COP,1.81,0.527,52.7,0.68,"323,802,808,108",1.145,114.5,0.553,55.3,12.2,Bogot�,77.1,83,1.23,Spanish,0.183,18.3,2.18,"50,339,443",0.688,68.8,0.144,14.4,0.712,71.2,0.0971,9.71,"40,827,302",4.570868,-74.297333
Comoros,467,KM,0.715,71.5,"2,235",,31.88,269,"Moroni, Comoros",202,103.62,-0.043,-4.3,KMF,4.21,0.197,19.7,,"1,185,728,677",0.995,99.5,0.09,9,51.3,"Moroni, Comoros",64.1,273,0.71,French,0.748,74.8,0.27,"850,886",0.433,43.3,,0,2.196,219.6,0.0434,4.34,"248,152",-11.6455,43.3333
Republic of the Congo,16,,0.311,31.1,"342,000","12,000",32.86,242,Brazzaville,"3,282",124.74,0.022,2.2,XAF,4.43,0.654,65.4,0.97,"10,820,591,131",1.066,106.6,0.127,12.7,36.2,Brazzaville,64.3,378,0.88,French,0.438,43.8,0.12,"5,380,508",0.694,69.4,0.09,9,0.543,54.3,0.0947,9.47,"3,625,010",-0.228021,15.827659
Costa Rica,100,CR,0.345,34.5,"51,100","10,000",13.97,506,San Jos������,"8,023",128.85,0.021,2.1,CRC,1.75,0.546,54.6,0.98,"61,773,944,174",1.133,113.3,0.552,55.2,7.6,San Jos������,80.1,27,1.84,Spanish,0.215,21.5,2.89,"5,047,561",0.621,62.1,0.136,13.6,0.583,58.3,0.1185,11.85,"4,041,885",9.748917,-83.753428
Croatia,73,HR,0.276,27.6,"56,594","18,000",9,385,Zagreb,"17,488",109.82,0.008,0.8,HRK,1.47,0.344,34.4,1.26,"60,415,553,039",0.965,96.5,0.679,67.9,4,Zagreb,78.1,8,2.92,Croatian,0.152,15.2,3,"4,067,500",0.512,51.2,0.22,22,0.205,20.5,0.0693,6.93,"2,328,318",45.1,15.2
Cuba,106,CU,0.599,59.9,"110,860","76,000",10.17,53,Havana,"28,284",,,0,CUP,1.62,0.313,31.3,1.4,"100,023,000,000",1.019,101.9,0.414,41.4,3.7,Havana,78.7,36,0.05,Spanish,,0,8.42,"11,333,483",0.536,53.6,,0,,0,0.0164,1.64,"8,739,135",21.521757,-77.781167
Cyprus,131,CY,0.122,12.2,"9,251","16,000",10.46,357,Nicosia,"6,626",102.51,0.003,0.3,EUR,1.33,0.187,18.7,1.23,"24,564,647,935",0.993,99.3,0.759,75.9,1.9,Statos�������,80.8,6,,Greek,0.439,43.9,1.95,"1,198,575",0.631,63.1,0.245,24.5,0.224,22.4,0.0727,7.27,"800,708",35.126413,33.429859
Czech Republic,139,CZ,0.452,45.2,"78,867","23,000",10.7,420,Prague,"102,218",116.48,0.028,2.8,CZK,1.69,0.346,34.6,1.17,"246,489,245,495",1.007,100.7,0.641,64.1,2.7,Prague,79,3,3,Czech,0.148,14.8,4.12,"10,669,709",0.606,60.6,0.149,14.9,0.461,46.1,0.0193,1.93,"7,887,156",49.817492,15.472962
Democratic Republic of the Congo,40,CD,0.116,11.6,"2,344,858","134,000",41.18,243,Kinshasa,"2,021",133.85,0.029,2.9,CDF,5.92,0.672,67.2,1.49,"47,319,624,204",1.08,108,0.066,6.6,68.2,Kinshasa,60.4,473,0.18,French,0.374,37.4,0.07,"86,790,567",0.635,63.5,0.107,10.7,0.507,50.7,0.0424,4.24,"39,095,679",-4.038333,21.758664
Denmark,137,DK,0.62,62,"43,094","15,000",10.6,45,Copenhagen,"31,786",110.35,0.008,0.8,DKK,1.73,0.147,14.7,1.55,"348,078,018,464",1.013,101.3,0.806,80.6,3.6,Copenhagen,81,4,,Danish,0.137,13.7,4.01,"5,818,553",0.622,62.2,0.324,32.4,0.238,23.8,0.0491,4.91,"5,119,978",56.26392,9.501785
Djibouti,43,DJ,0.734,73.4,"23,200","13,000",21.47,253,Djibouti City,620,120.25,0.033,3.3,DJF,2.73,0.002,0.2,1.32,"3,318,716,359",0.753,75.3,0.053,5.3,49.8,Djibouti City,66.6,248,,French,0.204,20.4,0.22,"973,560",0.602,60.2,,0,0.379,37.9,0.103,10.3,"758,549",11.825138,42.590275
Dominica,96,DM,0.333,33.3,751,,12,1,Roseau,180,103.87,0.01,1,XCD,1.9,0.574,57.4,,"596,033,333",1.147,114.7,0.072,7.2,32.9,Roseau,76.6,,1.48,English,0.284,28.4,1.08,"71,808",,0,0.221,22.1,0.326,32.6,,0,"50,830",15.414999,-61.370976
Dominican Republic,225,DO,0.487,48.7,"48,670","71,000",19.51,1,Santo Domingo,"25,258",135.5,0.018,1.8,DOP,2.35,0.417,41.7,1.07,"88,941,298,258",1.057,105.7,0.599,59.9,24.1,Santo Domingo,73.9,95,0.4,Spanish,0.437,43.7,1.56,"10,738,958",0.643,64.3,0.13,13,0.488,48.8,0.0584,5.84,"8,787,475",18.735693,-70.162651
Ecuador,71,EC,0.222,22.2,"283,561","41,000",19.72,593,Quito,"41,155",124.14,0.003,0.3,USD,2.43,0.502,50.2,0.61,"107,435,665,000",1.033,103.3,0.449,44.9,12.2,Quito,76.8,59,2.46,Spanish,0.437,43.7,2.04,"17,373,662",0.68,68,,0,0.344,34.4,0.0397,3.97,"11,116,711",-1.831239,-78.183406
Egypt,103,EG,0.038,3.8,"1,001,450","836,000",26.38,20,Cairo,"238,560",288.57,0.092,9.2,EGP,3.33,0.001,0.1,0.4,"303,175,127,598",1.063,106.3,0.352,35.2,18.1,Cairo,71.8,37,,Modern Standard Arabic,0.62,62,0.45,"100,388,073",0.464,46.4,0.125,12.5,0.444,44.4,0.1076,10.76,"42,895,824",26.820553,30.802498
El Salvador,313,SV,0.764,76.4,"21,041","42,000",18.25,503,San Salvador,"7,169",111.23,0.001,0.1,,2.04,0.126,12.6,0.83,"27,022,640,000",0.948,94.8,0.294,29.4,11.8,San Salvador,73.1,46,0.5,Spanish,0.279,27.9,1.57,"6,453,553",0.591,59.1,0.181,18.1,0.364,36.4,0.0411,4.11,"4,694,702",13.794185,-88.89653
Equatorial Guinea,50,GQ,0.101,10.1,"28,051","1,000",33.24,240,Malabo,"5,655",124.35,0.012,1.2,XAF,4.51,0.555,55.5,,"11,026,774,945",0.618,61.8,0.019,1.9,62.6,Malabo,58.4,301,1.05,Spanish,0.72,72,0.4,"1,355,986",0.62,62,0.061,6.1,0.794,79.4,0.0643,6.43,"984,812",1.650801,10.267895
Eritrea,35,ER,0.752,75.2,"117,600","202,000",30.3,291,Asmara,711,,,0,ERN,4.06,0.149,14.9,2,"2,065,001,626",0.684,68.4,0.034,3.4,31.3,Asmara,65.9,480,,Tigrinya,0.524,52.4,0.06,"6,333,135",0.784,78.4,,0,0.837,83.7,0.0514,5.14,"1,149,670",15.179384,39.782334
Estonia,31,EE,0.231,23.1,"45,228","6,000",10.9,372,Tallinn,"16,590",122.14,0.023,2.3,EUR,1.59,0.513,51.3,1.14,"31,386,949,981",0.972,97.2,0.696,69.6,2.1,Tallinn,78.2,9,3.14,Estonian,0.228,22.8,4.48,"1,331,824",0.636,63.6,0.209,20.9,0.478,47.8,0.0511,5.11,"916,024",58.595272,25.013607
Eswatini,67,,,0,"17,364",,,268,Mbabane,,,,0,,,,0,,"3,791,304,348",,0,,0,,Mbabane,,,,English,0.113,11.3,,"1,093,238",,0,0.286,28.6,,0,,0,,-26.522503,31.465866
Ethiopia,115,ET,0.363,36.3,"1,104,300","138,000",32.34,251,Addis Ababa,"14,870",143.86,0.158,15.8,ETB,4.25,0.125,12.5,0.75,"96,107,662,398",1.01,101,0.081,8.1,39.1,Addis Ababa,66.2,401,,Amharic,0.378,37.8,0.08,"112,078,730",0.796,79.6,0.075,7.5,0.377,37.7,0.0208,2.08,"23,788,710",9.145,40.489673
Fiji,49,FJ,0.233,23.3,"18,274","4,000",21.28,679,Suva,"2,046",132.3,0.018,1.8,FJD,2.77,0.559,55.9,0.82,"5,535,548,972",1.064,106.4,0.161,16.1,21.6,Suva,67.3,34,1.28,Fiji Hindi,0.214,21.4,0.84,"889,953",0.576,57.6,0.242,24.2,0.321,32.1,0.041,4.1,"505,048",-17.713371,178.065032
Finland,18,FI,0.075,7.5,"338,145","25,000",8.6,358,Helsinki,"45,871",112.33,0.01,1,EUR,1.41,0.731,73.1,1.45,"268,761,201,365",1.002,100.2,0.882,88.2,1.4,Helsinki,81.7,3,,Swedish,0.199,19.9,3.81,"5,520,314",0.591,59.1,0.208,20.8,0.366,36.6,0.0659,6.59,"4,716,888",61.92411,25.748151
France,119,FR,0.524,52.4,"643,801","307,000",11.3,33,Paris,"303,276",110.05,0.011,1.1,EUR,1.88,0.312,31.2,1.39,"2,715,518,274,227",1.025,102.5,0.656,65.6,3.4,Paris,82.5,8,11.16,French,0.068,6.8,3.27,"67,059,887",0.551,55.1,0.242,24.2,0.607,60.7,0.0843,8.43,"54,123,364",46.227638,2.213749
Gabon,9,GA,0.2,20,"267,667","7,000",31.61,241,Libreville,"5,321",122.19,0.021,2.1,XAF,3.97,0.9,90,0.92,"16,657,960,228",1.399,139.9,0.083,8.3,32.7,Libreville,66.2,252,1.46,French,0.259,25.9,0.68,"2,172,579",0.529,52.9,0.102,10.2,0.471,47.1,0.2,20,"1,949,694",-0.803689,11.609444
The Gambia,239,GM,0.598,59.8,"11,300","1,000",38.54,220,Banjul,532,172.73,0.071,7.1,GMD,5.22,0.484,48.4,1.18,"1,763,819,048",0.98,98,0.027,2.7,39,Serekunda,61.7,597,0.13,English,0.203,20.3,0.1,"2,347,706",0.594,59.4,0.094,9.4,0.484,48.4,0.0906,9.06,"1,453,958",13.443182,-15.310139
Georgia,57,GE,0.345,34.5,"69,700","26,000",13.47,995,Tbilisi,"10,128",133.61,0.049,4.9,GEL,2.06,0.406,40.6,0.76,"17,743,195,770",0.986,98.6,0.639,63.9,8.7,Tbilisi,73.6,25,0.05,Georgian,0.573,57.3,7.12,"3,720,382",0.683,68.3,0.217,21.7,0.099,9.9,0.144,14.4,"2,196,476",42.315407,43.356892
Germany,240,DE,0.477,47.7,"357,022","180,000",9.5,49,Berlin,"727,973",112.85,0.014,1.4,EUR,1.56,0.327,32.7,1.39,"3,845,630,030,824",1.04,104,0.702,70.2,3.1,Berlin,80.9,7,9.99,German,0.125,12.5,4.25,"83,132,799",0.608,60.8,0.115,11.5,0.488,48.8,0.0304,3.04,"64,324,835",51.165691,10.451526
Ghana,137,GH,0.69,69,"238,533","16,000",29.41,233,Accra,"16,670",268.36,0.072,7.2,GHS,3.87,0.412,41.2,0.92,"66,983,634,224",1.048,104.8,0.157,15.7,34.9,Accra,63.8,308,0.27,English,0.361,36.1,0.14,"30,792,608",0.678,67.8,0.126,12.6,0.554,55.4,0.0433,4.33,"17,249,054",7.946527,-1.023194
Greece,81,GR,0.476,47.6,"131,957","146,000",8.1,30,Athens,"62,434",101.87,0.002,0.2,EUR,1.35,0.317,31.7,1.54,"209,852,761,469",0.996,99.6,1.366,136.6,3.6,Macedonia,81.3,3,4.46,Greek,0.355,35.5,5.48,"10,716,322",0.518,51.8,0.262,26.2,0.519,51.9,0.1724,17.24,"8,507,474",39.074208,21.824312
Grenada,331,GD,0.235,23.5,349,,16.47,1,"St. George's, Grenada",268,107.43,0.008,0.8,XCD,2.06,0.5,50,1.12,"1,228,170,370",1.069,106.9,1.046,104.6,13.7,"St. George's, Grenada",72.4,25,,English,0.57,57,1.41,"112,003",,0,0.194,19.4,0.478,47.8,,0,"40,765",12.1165,-61.679
Guatemala,167,GT,0.36,36,"108,889","43,000",24.56,502,Guatemala City,"16,777",142.92,0.037,3.7,GTQ,2.87,0.327,32.7,0.79,"76,710,385,880",1.019,101.9,0.218,21.8,22.1,Guatemala City,74.1,95,1.6,Spanish,0.558,55.8,0.35,"16,604,026",0.623,62.3,0.106,10.6,0.352,35.2,0.0246,2.46,"8,540,945",15.783471,-90.230759
Guinea,53,GN,0.59,59,"245,857","13,000",36.36,224,Conakry,"2,996",262.95,0.095,9.5,GNF,4.7,0.258,25.8,0.9,"13,590,281,809",0.915,91.5,0.116,11.6,64.9,Kankan,61.2,576,,French,0.545,54.5,0.08,"12,771,246",0.615,61.5,0.108,10.8,0.693,69.3,0.043,4.3,"4,661,505",9.945587,-9.696645
Guinea-Bissau,70,GW,0.58,58,"36,125","4,000",35.13,245,Bissau,293,111.65,0.014,1.4,XOF,4.48,0.698,69.8,,"1,340,389,411",1.187,118.7,0.026,2.6,54,Bissau,58,667,0.16,Portuguese,0.372,37.2,0.13,"1,920,922",0.72,72,0.103,10.3,0.455,45.5,0.0247,2.47,"840,922",11.803749,-15.180413
Guyana,4,GY,0.086,8.6,"214,969","3,000",19.97,592,"Georgetown, Guyana","2,384",116.19,0.021,2.1,GYD,2.46,0.839,83.9,0.9,"4,280,443,645",0.978,97.8,0.116,11.6,25.1,"Georgetown, Guyana",69.8,169,0.98,English,0.405,40.5,0.8,"782,766",0.562,56.2,,0,0.306,30.6,0.1185,11.85,"208,912",4.860416,-58.93018
Haiti,414,HT,0.668,66.8,"27,750",0,24.35,509,Port-au-Prince,"2,978",179.29,0.125,12.5,HTG,2.94,0.035,3.5,0.81,"8,498,981,821",1.136,113.6,0.011,1.1,49.5,Port-au-Prince,63.7,480,0.25,French,0.363,36.3,0.23,"11,263,077",0.672,67.2,,0,0.427,42.7,0.1378,13.78,"6,328,948",18.971187,-72.285215
Vatican City,"2,003",,,0,0,,,379,Vatican City,,,,0,EUR,,,0,,,,0,,0,,,,,,Italian,,0,,836,,0,,0,,0,,0,,41.902916,12.453389
Honduras,89,HN,0.289,28.9,"112,090","23,000",21.6,504,Tegucigalpa,"9,813",150.34,0.044,4.4,HNL,2.46,0.4,40,0.98,"25,095,395,475",0.915,91.5,0.262,26.2,15.1,Tegucigalpa,75.1,65,1.01,Spanish,0.491,49.1,0.31,"9,746,117",0.688,68.8,0.173,17.3,0.391,39.1,0.0539,5.39,"5,626,433",15.199999,-86.241905
Hungary,107,HU,0.584,58.4,"93,028","40,000",9.6,36,Budapest,"45,537",121.64,0.033,3.3,HUF,1.54,0.229,22.9,1.18,"160,967,157,504",1.008,100.8,0.485,48.5,3.6,Budapest,75.8,12,2.62,Hungarian,0.29,29,3.41,"9,769,949",0.565,56.5,0.23,23,0.379,37.9,0.034,3.4,"6,999,582",47.162494,19.503304
Iceland,3,IS,0.187,18.7,"103,000",0,12,354,Reykjav��,"2,065",129,0.03,3,ISK,1.71,0.005,0.5,1.69,"24,188,035,739",1.004,100.4,0.718,71.8,1.5,Reykjav��,82.7,4,,Icelandic,0.17,17,4.08,"361,313",0.75,75,0.233,23.3,0.319,31.9,0.0284,2.84,"339,110",64.963051,-19.020835
India,464,IN,0.604,60.4,"3,287,263","3,031,000",17.86,91,New Delhi,"2,407,672",180.44,0.077,7.7,INR,2.22,0.238,23.8,0.97,"2,611,000,000,000",1.13,113,0.281,28.1,29.9,Kurebhar,69.4,145,0.3,Hindi,0.651,65.1,0.86,"1,366,417,754",0.493,49.3,0.112,11.2,0.497,49.7,0.0536,5.36,"471,031,528",20.593684,78.96288
Indonesia,151,ID,0.315,31.5,"1,904,569","676,000",18.07,62,Jakarta,"563,325",151.18,0.03,3,IDR,2.31,0.499,49.9,0.63,"1,119,190,780,753",1.064,106.4,0.363,36.3,21.1,Kalimantan,71.5,177,0.48,Indonesian,0.483,48.3,0.43,"270,203,917",0.675,67.5,0.102,10.2,0.301,30.1,0.0469,4.69,"151,509,724",-0.789275,113.921327
Iran,52,IR,0.282,28.2,"1,648,195","563,000",18.78,98,Tehran,"661,710",550.93,0.399,39.9,IRR,2.14,0.066,6.6,0.4,"445,345,282,123",1.107,110.7,0.681,68.1,12.4,Tehran,76.5,16,1.58,Persian,0.397,39.7,1.58,"82,913,906",0.447,44.7,0.074,7.4,0.447,44.7,0.1138,11.38,"62,509,623",32.427908,53.688046
Iraq,93,IQ,0.214,21.4,"438,317","209,000",29.08,964,Baghdad,"190,061",119.86,0.004,0.4,IQD,3.67,0.019,1.9,0.61,"234,094,042,939",1.087,108.7,0.162,16.2,22.5,Baghdad,70.5,79,1.24,Arabic,0.765,76.5,0.71,"39,309,783",0.43,43,0.02,2,0.308,30.8,0.1282,12.82,"27,783,368",33.223191,43.679291
Republic of Ireland,72,,0.645,64.5,"70,273","9,000",12.5,353,Dublin,"37,711",106.58,0.009,0.9,EUR,1.75,0.11,11,1.37,"388,698,711,348",1.009,100.9,0.778,77.8,3.1,Connacht,82.3,5,10.79,Irish,0.152,15.2,3.31,"5,007,069",0.621,62.1,0.183,18.3,0.261,26.1,0.0493,4.93,"3,133,123",53.41291,-8.24389
Israel,400,IL,0.246,24.6,"20,770","178,000",20.8,972,Jerusalem,"65,166",108.15,0.008,0.8,ILS,3.09,0.077,7.7,1.57,"395,098,666,122",1.049,104.9,0.634,63.4,3,Jerusalem,82.8,3,7.58,Hebrew,0.244,24.4,4.62,"9,053,300",0.64,64,0.231,23.1,0.253,25.3,0.0386,3.86,"8,374,393",31.046051,34.851612
Italy,206,IT,0.432,43.2,"301,340","347,000",7.3,39,Rome,"320,411",110.62,0.006,0.6,EUR,1.29,0.318,31.8,1.61,"2,001,244,392,042",1.019,101.9,0.619,61.9,2.6,Rome,82.9,2,,Italian,0.228,22.8,3.98,"60,297,396",0.496,49.6,0.243,24.3,0.591,59.1,0.0989,9.89,"42,651,966",41.87194,12.56738
Jamaica,273,JM,0.41,41,"10,991","4,000",16.1,1876,"Kingston, Jamaica","8,225",162.47,0.039,3.9,JMD,1.98,0.309,30.9,1.11,"16,458,071,068",0.91,91,0.271,27.1,12.4,"Kingston, Jamaica",74.4,80,1.33,Jamaican English,0.237,23.7,1.31,"2,948,279",0.66,66,0.268,26.8,0.351,35.1,0.08,8,"1,650,594",18.109581,-77.297508
Japan,347,JP,0.123,12.3,"377,944","261,000",7.4,81,Tokyo,"1,135,886",105.48,0.005,0.5,,1.42,0.685,68.5,1.06,"5,081,769,542,380",0.988,98.8,0.632,63.2,1.8,Tokyo,84.2,5,6.77,None,0.131,13.1,2.41,"126,226,568",0.617,61.7,0.119,11.9,0.467,46.7,0.0229,2.29,"115,782,416",36.204824,138.252924
Jordan,115,JO,0.12,12,"89,342","116,000",21.98,962,Amman,"25,108",125.6,0.008,0.8,JOD,2.76,0.011,1.1,1.1,"43,743,661,972",0.815,81.5,0.344,34.4,13.9,Amman,74.4,46,1.49,Arabic,0.251,25.1,2.32,"10,101,694",0.393,39.3,0.151,15.1,0.286,28.6,0.1472,14.72,"9,213,048",30.585164,36.238414
Kazakhstan,7,KZ,0.804,80.4,"2,724,900","71,000",21.77,7,Astana,"247,207",182.75,0.052,5.2,KZT,2.84,0.012,1.2,0.42,"180,161,741,180",1.044,104.4,0.617,61.7,8.8,Almaty,73.2,10,0.41,Russian,0.388,38.8,3.25,"18,513,930",0.688,68.8,0.117,11.7,0.284,28.4,0.0459,4.59,"10,652,915",48.019573,66.923684
Kenya,94,KE,0.485,48.5,"580,367","29,000",28.75,254,Nairobi,"17,910",180.51,0.047,4.7,KES,3.49,0.078,7.8,0.95,"95,503,088,538",1.032,103.2,0.115,11.5,30.6,Nairobi,66.3,342,0.25,Swahili,0.334,33.4,0.16,"52,573,973",0.747,74.7,0.151,15.1,0.372,37.2,0.0264,2.64,"14,461,523",-0.023559,37.906193
Kiribati,147,KI,0.42,42,811,,27.89,686,South Tarawa,66,99.55,0.006,0.6,AUD,3.57,0.15,15,,"194,647,202",1.013,101.3,,0,41.2,South Tarawa,68.1,92,,English,0.002,0.2,0.2,"117,606",,0,0.22,22,0.327,32.7,,0,"64,489",1.8368976,-157.3768317
Kuwait,240,KW,0.084,8.4,"17,818","25,000",13.94,965,Kuwait City,"98,734",126.6,0.011,1.1,KWD,2.08,0.004,0.4,0.35,"134,761,198,946",0.924,92.4,0.544,54.4,6.7,Kuwait City,75.4,12,0.95,Modern Standard Arabic,0.144,14.4,2.58,"4,207,083",0.735,73.5,0.014,1.4,0.13,13,0.0218,2.18,"4,207,083",29.31166,47.481766
Kyrgyzstan,34,KG,0.55,55,"199,951","21,000",27.1,996,Bishkek,"9,787",155.68,0.011,1.1,KGS,3.3,0.033,3.3,0.56,"8,454,619,608",1.076,107.6,0.413,41.3,16.9,Bishkek,71.4,60,0.09,Russian,0.482,48.2,1.88,"6,456,900",0.598,59.8,0.18,18,0.29,29,0.0633,6.33,"2,362,644",41.20438,74.766098
Laos,32,LA,0.103,10.3,"236,800","129,000",23.55,856,Vientiane,"17,763",135.87,0.033,3.3,LAK,2.67,0.821,82.1,0.93,"18,173,839,128",1.024,102.4,0.15,15,37.6,Vientiane,67.6,185,0.83,Lao,0.454,45.4,0.37,"7,169,455",0.785,78.5,0.129,12.9,0.241,24.1,0.0063,0.63,"2,555,552",19.85627,102.495496
Latvia,30,LV,0.311,31.1,"64,589","6,000",10,371,Riga,"7,004",116.86,0.028,2.8,EUR,1.6,0.54,54,1.16,"34,117,202,555",0.994,99.4,0.881,88.1,3.3,Riga,74.7,19,2.8,Latvian,0.416,41.6,3.19,"1,912,789",0.614,61.4,0.229,22.9,0.381,38.1,0.0652,6.52,"1,304,943",56.879635,24.603189
Lebanon,667,LB,0.643,64.3,"10,400","80,000",17.55,961,Beirut,"24,796",130.02,0.03,3,LBP,2.09,0.134,13.4,0.74,"53,367,042,272",0.951,95.1,0.263,26.3,6.4,"Tripoli, Lebanon",78.9,29,2.15,Arabic,0.321,32.1,2.1,"6,855,713",0.47,47,0.153,15.3,0.322,32.2,0.0623,6.23,"6,084,994",33.854721,35.862285
Lesotho,71,LS,0.776,77.6,"30,355","2,000",26.81,266,Maseru,"2,512",155.86,0.052,5.2,,3.14,0.016,1.6,0.7,"2,460,072,444",1.209,120.9,0.102,10.2,65.7,Maseru,53.7,544,0.41,English,0.169,16.9,0.07,"2,125,268",0.679,67.9,0.316,31.6,0.136,13.6,0.2341,23.41,"607,508",-29.609988,28.233608
Liberia,53,LR,0.28,28,"111,369","2,000",33.04,231,Monrovia,"1,386",223.13,0.236,23.6,,4.32,0.431,43.1,0.8,"3,070,518,100",0.851,85.1,0.119,11.9,53.5,Monrovia,63.7,661,0.17,English,0.196,19.6,0.04,"4,937,374",0.763,76.3,0.129,12.9,0.462,46.2,0.0281,2.81,"2,548,426",6.428055,-9.429499
Libya,4,LY,0.087,8.7,"1,759,540",0,18.83,218,,"50,564",125.71,0.026,2.6,LYD,2.24,0.001,0.1,0.11,"52,076,250,948",1.09,109,0.605,60.5,10.2,,72.7,72,1.88,Arabic,0.367,36.7,2.09,"6,777,452",0.497,49.7,,0,0.326,32.6,0.1856,18.56,"5,448,597",26.3351,17.228331
Liechtenstein,238,LI,0.322,32.2,160,,9.9,423,Vaduz,51,,,0,CHF,1.44,0.431,43.1,1.74,"6,552,858,739",1.047,104.7,0.356,35.6,,Schaan,83,,,German,,0,,"38,019",,0,,0,0.216,21.6,,0,"5,464",47.1410392,9.520935
Lithuania,43,LT,0.472,47.2,"65,300","34,000",10,370,Vilnius,"12,963",118.38,0.023,2.3,EUR,1.63,0.348,34.8,1.16,"54,219,315,600",1.039,103.9,0.724,72.4,3.3,Vilnius,75.7,8,2.41,Lithuanian,0.321,32.1,6.35,"2,786,844",0.616,61.6,0.169,16.9,0.426,42.6,0.0635,6.35,"1,891,013",55.169438,23.881275
Luxembourg,242,LU,0.537,53.7,"2,586","2,000",10.3,352,Luxembourg City,"8,988",115.09,0.017,1.7,EUR,1.37,0.357,35.7,1.19,"71,104,919,108",1.023,102.3,0.192,19.2,1.9,Luxembourg City,82.1,5,13.05,Luxembourgish,0.106,10.6,3.01,"645,397",0.593,59.3,0.265,26.5,0.204,20.4,0.0536,5.36,"565,488",49.815273,6.129583
Madagascar,48,MG,0.712,71.2,"587,041","22,000",32.66,261,Antananarivo,"3,905",184.33,0.056,5.6,MGA,4.08,0.214,21.4,1.11,"14,083,906,357",1.425,142.5,0.054,5.4,38.2,Antananarivo,66.7,335,0.21,French,0.217,21.7,0.18,"26,969,307",0.861,86.1,0.102,10.2,0.383,38.3,0.0176,1.76,"10,210,849",-18.766947,46.869107
Malawi,203,MW,0.614,61.4,"118,484","15,000",34.12,265,Lilongwe,"1,298",418.34,0.094,9.4,MWK,4.21,0.332,33.2,1.15,"7,666,704,427",1.425,142.5,0.008,0.8,35.3,Lilongwe,63.8,349,0.12,English,0.11,11,0.04,"18,628,747",0.767,76.7,0.173,17.3,0.345,34.5,0.0565,5.65,"3,199,301",-13.254308,34.301525
Malaysia,99,MY,0.263,26.3,"329,847","136,000",16.75,60,Kuala Lumpur,"248,289",121.46,0.007,0.7,MYR,2,0.676,67.6,0.45,"364,701,517,788",1.053,105.3,0.451,45.1,6.7,Johor Bahru,76,29,0.93,Malaysian language,0.367,36.7,1.51,"32,447,385",0.643,64.3,0.12,12,0.387,38.7,0.0332,3.32,"24,475,766",4.210484,101.975766
Maldives,"1,802",MV,0.263,26.3,298,"5,000",14.2,960,Mal�,"1,445",99.7,0.002,0.2,,1.87,0.033,3.3,1.63,"5,729,248,472",0.971,97.1,0.312,31.2,7.4,Mal�,78.6,53,,Divehi,0.164,16.4,4.56,"530,953",0.698,69.8,0.195,19.5,0.302,30.2,0.0614,6.14,"213,645",3.202778,73.22068
Mali,17,ML,0.338,33.8,"1,240,192","18,000",41.54,223,Bamako,"3,179",108.73,-0.017,-1.7,XOF,5.88,0.038,3.8,1.12,"17,510,141,171",0.756,75.6,0.045,4.5,62,Bamako,58.9,562,0.23,French,0.463,46.3,0.13,"19,658,031",0.708,70.8,0.116,11.6,0.545,54.5,0.0722,7.22,"8,479,688",17.570692,-3.996166
Malta,"1,380",MT,0.324,32.4,316,"2,000",9.2,356,Valletta,"1,342",113.45,0.016,1.6,EUR,1.23,0.011,1.1,1.36,"14,786,156,563",1.05,105,0.543,54.3,6.1,Birkirkara,82.3,6,5.07,Maltese,0.371,37.1,2.86,"502,653",0.565,56.5,0.262,26.2,0.44,44,0.0347,3.47,"475,902",35.937496,14.375416
Marshall Islands,329,MH,0.639,63.9,181,,29.03,692,Majuro,143,,,0,USD,4.05,0.702,70.2,1.44,"221,278,000",0.847,84.7,0.237,23.7,27.4,Majuro,65.2,,2,Marshallese,0.1,10,0.42,"58,791",,0,0.178,17.8,0.659,65.9,,0,"45,514",7.131474,171.184478
Mauritania,5,MR,0.385,38.5,"1,030,700","21,000",33.69,222,Nouakchott,"2,739",135.02,0.023,2.3,MRU,4.56,0.002,0.2,1.13,"7,593,752,450",0.999,99.9,0.05,5,51.5,Nouakchott,64.7,766,0.53,Arabic,0.482,48.2,0.19,"4,525,696",0.459,45.9,,0,0.67,67,0.0955,9.55,"2,466,821",21.00789,-10.940835
Mauritius,626,MU,0.424,42.4,"2,040","3,000",10.2,230,Port Louis,"4,349",129.91,0.004,0.4,MUR,1.41,0.19,19,1.12,"14,180,444,557",1.011,101.1,0.406,40.6,13.6,Port Louis,74.4,61,0.38,French,0.507,50.7,2.53,"1,265,711",0.583,58.3,0.191,19.1,0.222,22.2,0.0667,6.67,"515,980",-20.348404,57.552152
Mexico,66,MX,0.546,54.6,"1,964,375","336,000",17.6,52,Mexico City,"486,406",141.54,0.036,3.6,MXN,2.13,0.339,33.9,0.73,"1,258,286,717,125",1.058,105.8,0.402,40.2,11,Mexico City,75,33,0.49,None,0.414,41.4,2.38,"126,014,024",0.607,60.7,0.131,13.1,0.551,55.1,0.0342,3.42,"102,626,859",23.634501,-102.552784
Federated States of Micronesia,784,FM,0.314,31.4,702,,22.82,691,Palikir,143,112.1,0.005,0.5,USD,3.05,0.919,91.9,,"401,932,279",0.972,97.2,0.141,14.1,25.6,Palikir,67.8,88,,English,0.025,2.5,0.18,"113,815",,0,0.252,25.2,0.605,60.5,,0,"25,963",7.425554,150.550812
Moldova,123,MD,0.742,74.2,"33,851","7,000",10.1,373,Chi����,"5,115",166.2,0.048,4.8,MDL,1.26,0.126,12.6,0.8,"11,955,435,457",0.906,90.6,0.398,39.8,13.6,Chi����,71.8,19,0.31,Romanian,0.462,46.2,3.21,"2,657,637",0.431,43.1,0.177,17.7,0.387,38.7,0.0547,5.47,"1,135,502",47.411631,28.369885
Monaco,"26,337",MC,,0,2,,5.9,377,Monaco City,,,,0,EUR,,,0,2,"7,184,844,193",,0,,0,2.6,Monaco City,,,11.72,French,0.061,6.1,6.56,"38,964",,0,,0,,0,,0,"38,964",43.7384176,7.4246158
Mongolia,2,MN,0.715,71.5,"1,564,116","18,000",24.13,976,Ulaanbaatar,"25,368",195.76,0.073,7.3,MNT,2.9,0.08,8,0.72,"13,852,850,259",1.04,104,0.656,65.6,14,Ulaanbaatar,69.7,45,0.65,Mongolian,0.393,39.3,2.86,"3,225,167",0.597,59.7,0.168,16.8,0.257,25.7,0.0601,6.01,"2,210,626",46.862496,103.846656
Montenegro,47,ME,0.19,19,"13,812","12,000",11.73,382,Podgorica,"2,017",116.32,0.026,2.6,EUR,1.75,0.615,61.5,1.16,"5,494,736,901",1,100,0.561,56.1,2.3,Podgorica,76.8,6,1.23,Montenegrin language,0.318,31.8,2.76,"622,137",0.544,54.4,,0,0.222,22.2,0.1488,14.88,"417,765",42.708678,19.37439
Morocco,83,MA,0.685,68.5,"446,550","246,000",18.94,212,Rabat,"61,276",111.07,0.002,0.2,MAD,2.42,0.126,12.6,0.99,"118,725,279,596",1.139,113.9,0.359,35.9,19.2,Casablanca,76.5,70,1.6,Arabic,0.531,53.1,0.73,"36,910,560",0.453,45.3,0.219,21.9,0.458,45.8,0.0902,9.02,"22,975,026",31.791702,-7.09262
Mozambique,40,MZ,0.635,63.5,"799,380","11,000",37.52,258,Maputo,"7,943",182.31,0.028,2.8,MZN,4.85,0.48,48,0.65,"14,934,159,926",1.126,112.6,0.073,7.3,54,Maputo,60.2,289,0.27,Portuguese,0.068,6.8,0.08,"30,366,036",0.781,78.1,0,0,0.361,36.1,0.0324,3.24,"11,092,106",-18.665695,35.529562
Myanmar,83,MM,0.195,19.5,"676,578","513,000",17.55,95,Naypyidaw,"25,280",168.18,0.088,8.8,MMK,2.15,0.436,43.6,0.54,"76,085,852,617",1.123,112.3,0.188,18.8,36.8,Yangon,66.9,250,0.39,Burmese,0.739,73.9,0.68,"54,045,420",0.617,61.7,0.054,5.4,0.312,31.2,0.0158,1.58,"16,674,093",21.916221,95.955974
Namibia,3,,0.471,47.1,"824,292","16,000",28.64,264,Windhoek,"4,228",157.97,0.037,3.7,,3.4,0.083,8.3,0.76,"12,366,527,719",1.242,124.2,0.229,22.9,29,Windhoek,63.4,195,,English,0.083,8.3,0.42,"2,494,530",0.595,59.5,0.271,27.1,0.207,20.7,0.2027,20.27,"1,273,258",-22.95764,18.49041
Nauru,541,NR,,0,21,,,674,Yaren District,,,,0,AUD,,,0,,"133,000,000",,0,,0,,,,,,English,,0,,"10,084",,0,,0,,0,,0,,-0.522778,166.931503
Nepal,203,NP,0.287,28.7,"147,181","112,000",19.89,977,Kathmandu,"9,105",188.73,0.056,5.6,NPR,1.92,0.254,25.4,0.91,"30,641,380,604",1.421,142.1,0.124,12.4,26.7,Kathmandu,70.5,186,0.36,Nepali,0.604,60.4,0.75,"28,608,710",0.838,83.8,0.207,20.7,0.418,41.8,0.0141,1.41,"5,765,513",28.394857,84.124008
Netherlands,508,NL,0.533,53.3,"41,543","41,000",9.7,31,Amsterdam,"170,780",115.91,0.026,2.6,,1.59,0.112,11.2,1.68,"909,070,395,161",1.042,104.2,0.85,85,3.3,Amsterdam,81.8,5,10.29,Dutch,0.123,12.3,3.61,"17,332,850",0.636,63.6,0.23,23,0.412,41.2,0.032,3.2,"15,924,729",52.132633,5.291266
New Zealand,18,NZ,0.405,40.5,"268,838","9,000",11.98,64,Wellington,"34,382",114.24,0.016,1.6,NZD,1.71,0.386,38.6,1.4,"206,928,765,544",1,100,0.82,82,4.7,Auckland,81.9,9,11.49,English,0.126,12.6,3.59,"4,841,000",0.699,69.9,0.29,29,0.346,34.6,0.0407,4.07,"4,258,860",-40.900557,174.885971
Nicaragua,55,NI,0.421,42.1,"130,370","12,000",20.64,505,Managua,"5,592",162.74,0.054,5.4,NIO,2.4,0.259,25.9,0.91,"12,520,915,291",1.206,120.6,0.174,17.4,15.7,Managua,74.3,98,0.54,Spanish,0.36,36,0.98,"6,545,502",0.664,66.4,0.156,15.6,0.606,60.6,0.0684,6.84,"3,846,137",12.865416,-85.207229
Niger,19,NE,0.361,36.1,"1,267,000","10,000",46.08,227,Niamey,"2,017",109.32,-0.025,-2.5,XOF,6.91,0.009,0.9,0.88,"12,928,145,120",0.747,74.7,0.044,4.4,48,Niamey,62,509,0.29,French,0.523,52.3,0.04,"23,310,715",0.72,72,0.118,11.8,0.472,47.2,0.0047,0.47,"3,850,231",17.607789,8.081666
Nigeria,226,NG,0.777,77.7,"923,768","215,000",37.91,234,Abuja,"120,369",267.51,0.114,11.4,NGN,5.39,0.072,7.2,0.46,"448,120,428,859",0.847,84.7,0.102,10.2,75.7,Lagos,54.3,917,0.54,English,0.722,72.2,0.38,"200,963,599",0.529,52.9,0.015,1.5,0.348,34.8,0.081,8.1,"102,806,948",9.081999,8.675277
North Korea,214,KP,0.218,21.8,"120,538","1,469,000",13.89,850,Pyongyang,"28,284",,,0,KPW,1.9,0.407,40.7,0.58,"32,100,000,000",1.128,112.8,0.27,27,13.7,Pyongyang,72.1,89,,Korean,,0,3.67,"25,666,161",0.804,80.4,,0,,0,0.0274,2.74,"15,947,412",40.339852,127.510093
North Macedonia,83,,,0,"25,713",,,389,Skopje,,,,0,MKD,,,0,,"10,220,781,069",,0,,0,,Skopje,,,,Macedonian,0.356,35.6,,"1,836,713",,0,,0,,0,,0,,41.608635,21.745275
Norway,15,NO,0.027,2.7,"323,802","23,000",10.4,47,Oslo,"41,023",120.27,0.022,2.2,NOK,1.56,0.332,33.2,1.78,"403,336,363,636",1.003,100.3,0.82,82,2.1,Oslo,82.8,2,,Norwegian,0.143,14.3,2.92,"5,347,896",0.638,63.8,0.239,23.9,0.362,36.2,0.0335,3.35,"4,418,218",60.472024,8.468946
Oman,16,OM,0.046,4.6,"309,500","47,000",19.19,968,Muscat,"63,457",113.53,0.001,0.1,OMR,2.89,0,0,0.45,"76,983,094,928",1.034,103.4,0.38,38,9.8,Seeb,77.6,19,4.33,Arabic,0.064,6.4,2,"5,266,535",0.724,72.4,0.025,2.5,0.274,27.4,0.0267,2.67,"4,250,777",21.4735329,55.975413
Pakistan,287,PK,0.478,47.8,"796,095","936,000",28.25,92,Islamabad,"201,150",182.32,0.106,10.6,PKR,3.51,0.019,1.9,0.79,"304,400,000,000",0.943,94.3,0.09,9,57.2,Karachi,67.1,140,0.69,Urdu,0.665,66.5,0.98,"216,565,318",0.526,52.6,0.092,9.2,0.339,33.9,0.0445,4.45,"79,927,762",30.375321,69.345116
Palau,39,PW,0.109,10.9,459,,14,680,Ngerulmud,224,118.17,0.013,1.3,USD,2.21,0.876,87.6,,"283,994,900",1.126,112.6,0.547,54.7,16.6,Koror,69.1,,3,English,0.218,21.8,1.18,"18,233",,0,0.213,21.3,0.766,76.6,,0,"14,491",7.51498,134.58252
Palestinian National Authority,847,,,0,,,,,,,,,0,,,,0,,,,0,,0,,,,,,Arabic,,0,,,,0,,0,,0,,0,,31.952162,35.233154
Panama,58,PA,0.304,30.4,"75,420","26,000",18.98,507,Panama City,"10,715",122.07,-0.004,-0.4,,2.46,0.619,61.9,0.74,"66,800,800,000",0.944,94.4,0.478,47.8,13.1,Panama City,78.3,52,1.53,Spanish,0.305,30.5,1.57,"4,246,439",0.666,66.6,,0,0.372,37.2,0.039,3.9,"2,890,084",8.537981,-80.782127
Papua New Guinea,20,PG,0.026,2.6,"462,840","4,000",27.07,675,Port Moresby,"7,536",155.99,0.036,3.6,PGK,3.56,0.741,74.1,1.36,"24,969,611,435",1.085,108.5,0.018,1.8,38,Port Moresby,64.3,145,1.16,Tok Pisin,0.058,5.8,0.07,"8,776,109",0.472,47.2,0.136,13.6,0.371,37.1,0.0246,2.46,"1,162,834",-6.314993,143.95555
Paraguay,18,PY,0.551,55.1,"406,752","27,000",20.57,595,Asunci��,"7,407",143.82,0.028,2.8,PYG,2.43,0.377,37.7,1.04,"38,145,288,940",1.044,104.4,0.346,34.6,17.2,Ciudad del Este,74.1,129,1.55,Spanish,0.365,36.5,1.35,"7,044,636",0.721,72.1,0.1,10,0.35,35,0.0481,4.81,"4,359,150",-23.442503,-58.443832
Peru,26,PE,0.185,18.5,"1,285,216","158,000",17.95,51,Lima,"57,414",129.78,0.021,2.1,PEN,2.25,0.577,57.7,0.99,"226,848,050,820",1.069,106.9,0.707,70.7,11.1,Lima,76.5,88,1.28,Spanish,0.309,30.9,1.27,"32,510,453",0.776,77.6,0.143,14.3,0.368,36.8,0.0331,3.31,"25,390,339",-9.189967,-75.015152
Philippines,368,PH,0.417,41.7,"300,000","153,000",20.55,63,Manila,"122,287",129.61,0.025,2.5,PHP,2.58,0.278,27.8,0.86,"376,795,508,680",1.075,107.5,0.355,35.5,22.5,Manila,71.1,121,1.12,English,0.535,53.5,0.6,"108,116,615",0.596,59.6,0.14,14,0.431,43.1,0.0215,2.15,"50,975,903",12.879721,121.774017
Poland,124,PL,0.469,46.9,"312,685","191,000",10.2,48,Warsaw,"299,037",114.11,0.022,2.2,PLN,1.46,0.309,30.9,1.07,"592,164,400,688",1,100,0.678,67.8,3.8,Warsaw,77.6,2,2.93,Polish,0.232,23.2,2.38,"37,970,874",0.567,56.7,0.174,17.4,0.408,40.8,0.0347,3.47,"22,796,574",51.919438,19.145136
Portugal,111,PT,0.395,39.5,"92,212","52,000",8.5,351,Lisbon,"48,742",110.62,0.003,0.3,EUR,1.38,0.346,34.6,1.54,"237,686,075,635",1.062,106.2,0.639,63.9,3.1,Lisbon,81.3,8,3.78,Portuguese,0.277,27.7,5.12,"10,269,417",0.588,58.8,0.228,22.8,0.398,39.8,0.0633,6.33,"6,753,579",39.399872,-8.224454
Qatar,248,QA,0.058,5.8,"11,586","22,000",9.54,974,Doha,"103,259",115.38,-0.007,-0.7,QAR,1.87,0,0,0.4,"183,466,208,791",1.038,103.8,0.179,17.9,5.8,Doha,80.1,9,,Arabic,0.062,6.2,2.49,"2,832,067",0.868,86.8,0.147,14.7,0.113,11.3,0.0009,0.09,"2,809,071",25.354826,51.183884
Romania,84,RO,0.588,58.8,"238,391","126,000",9.6,40,Bucharest,"69,259",123.78,0.038,3.8,RON,1.71,0.301,30.1,1.16,"250,077,444,017",0.852,85.2,0.494,49.4,6.1,Bucharest,75.4,19,2.25,Romanian,0.213,21.3,2.98,"19,356,544",0.547,54.7,0.146,14.6,0.2,20,0.0398,3.98,"10,468,793",45.943161,24.96676
Russia,9,RU,0.133,13.3,"17,098,240","1,454,000",11.5,7,Moscow,"1,732,027",180.75,0.045,4.5,RUB,1.57,0.498,49.8,0.59,"1,699,876,578,871",1.026,102.6,0.819,81.9,6.1,Moscow,72.7,17,0.53,Russian,0.364,36.4,4.01,"144,373,535",0.618,61.8,0.114,11.4,0.462,46.2,0.0459,4.59,"107,683,889",61.52401,105.318756
Rwanda,525,RW,0.734,73.4,"26,338","35,000",31.7,250,Kigali,"1,115",151.09,0.034,3.4,RWF,4.04,0.197,19.7,1.17,"10,122,472,590",1.33,133,0.067,6.7,27,Kigali,68.7,248,,Swahili,0.26,26,0.13,"12,626,950",0.837,83.7,0.143,14.3,0.332,33.2,0.0103,1.03,"2,186,104",-1.940278,29.873888
Saint Kitts and Nevis,205,KN,0.231,23.1,261,,12.6,1,Basseterre,238,104.57,-0.01,-1,XCD,2.11,0.423,42.3,,"1,050,992,593",1.087,108.7,0.867,86.7,9.8,Basseterre,71.3,,3.33,English,0.566,56.6,2.52,"52,823",,0,0.185,18.5,0.497,49.7,,0,"16,269",17.357822,-62.782998
Saint Lucia,301,LC,0.174,17.4,616,,12,1,Castries,414,110.13,0.019,1.9,XCD,1.44,0.332,33.2,1.3,"2,122,450,630",1.026,102.6,0.141,14.1,14.9,Castries,76.1,117,,English,0.484,48.4,0.64,"182,790",0.671,67.1,0.182,18.2,0.347,34.7,0.2071,20.71,"34,280",13.909444,-60.978893
Saint Vincent and the Grenadines,284,VC,0.256,25.6,389,,14.24,1,Kingstown,220,109.67,0.023,2.3,XCD,1.89,0.692,69.2,,"825,385,185",1.134,113.4,0.237,23.7,14.8,Calliaqua,72.4,68,1.16,English,0.214,21.4,0.66,"100,455",0.659,65.9,0.254,25.4,0.37,37,0.1888,18.88,"58,185",12.984305,-61.287228
Samoa,70,WS,0.124,12.4,"2,831",,24.38,685,Apia,246,117.56,0.01,1,WST,3.88,0.604,60.4,0.91,"850,655,017",1.105,110.5,0.076,7.6,13.6,Apia,73.2,43,0.78,Samoan,0.115,11.5,0.34,"202,506",0.437,43.7,0.255,25.5,0.193,19.3,0.0836,8.36,"35,588",-13.759029,-172.104629
San Marino,566,SM,0.167,16.7,61,,6.8,378,City of San Marino,,110.63,0.01,1,EUR,1.26,0,0,,"1,637,931,034",1.081,108.1,0.425,42.5,1.7,City of San Marino,85.4,,,Italian,0.183,18.3,6.11,"33,860",,0,0.181,18.1,0.362,36.2,,0,"32,969",43.94236,12.457777
S�����������,228,ST,0.507,50.7,964,"1,000",31.54,239,S����,121,185.09,0.079,7.9,STN,4.32,0.558,55.8,,"429,016,605",1.068,106.8,0.134,13.4,24.4,S����,70.2,130,,,0.117,11.7,0.05,"215,056",0.578,57.8,0.146,14.6,0.37,37,0.1337,13.37,"158,277",,
Saudi Arabia,16,SA,0.808,80.8,"2,149,690","252,000",17.8,966,Riyadh,"563,449",118.4,-0.012,-1.2,SAR,2.32,0.005,0.5,0.24,"792,966,838,162",0.998,99.8,0.68,68,6,Riyadh,75,17,3.85,Arabic,0.15,15,2.61,"34,268,528",0.559,55.9,0.089,8.9,0.157,15.7,0.0593,5.93,"28,807,838",23.885942,45.079162
Senegal,87,SN,0.461,46.1,"196,722","19,000",34.52,221,Dakar,"10,902",109.25,0.018,1.8,XOF,4.63,0.428,42.8,1.14,"23,578,084,052",0.81,81,0.128,12.8,31.8,Pikine,67.7,315,0.31,French,0.442,44.2,0.07,"16,296,364",0.457,45.7,0.163,16.3,0.448,44.8,0.066,6.6,"7,765,706",14.497401,-14.452362
Serbia,100,RS,0.393,39.3,"77,474","32,000",9.2,381,Belgrade,"45,221",144,0.018,1.8,RSD,1.49,0.311,31.1,1.16,"51,409,167,351",1.003,100.3,0.672,67.2,4.8,Belgrade,75.5,12,1.57,Serbian,0.406,40.6,3.11,"6,944,975",0.549,54.9,0.186,18.6,0.366,36.6,0.1269,12.69,"3,907,243",44.016521,21.005859
Seychelles,214,SC,0.034,3.4,455,0,17.1,248,"Victoria, Seychelles",605,129.96,0.018,1.8,SCR,2.41,0.884,88.4,,"1,698,843,063",1.004,100.4,0.171,17.1,12.4,"Victoria, Seychelles",72.8,53,2,French,0.025,2.5,0.95,"97,625",,0,0.341,34.1,0.301,30.1,,0,"55,762",-4.679574,55.491977
Sierra Leone,111,SL,0.547,54.7,"71,740","9,000",33.41,232,Freetown,"1,093",234.16,0.148,14.8,SLL,4.26,0.431,43.1,1.08,"3,941,474,311",1.128,112.8,0.02,2,78.5,Freetown,54.3,1120,0.57,English,0.382,38.2,0.03,"7,813,215",0.579,57.9,0.086,8.6,0.307,30.7,0.0443,4.43,"3,319,366",8.460555,-11.779889
Singapore,"8,358",SG,0.009,0.9,716,"81,000",8.8,65,,"37,535",114.41,0.006,0.6,SGD,1.14,0.231,23.1,1.25,"372,062,527,489",1.006,100.6,0.848,84.8,2.3,,83.1,8,,Malay,0.367,36.7,2.29,"5,703,569",0.705,70.5,0.131,13.1,0.21,21,0.0411,4.11,"5,703,569",1.352083,103.819836
Slovakia,114,SK,0.392,39.2,"49,035","16,000",10.6,421,Bratislava,"32,424",115.34,0.027,2.7,EUR,1.52,0.404,40.4,1.32,"105,422,304,976",0.987,98.7,0.466,46.6,4.6,Bratislava,77.2,5,3.11,Slovak,0.184,18.4,3.42,"5,454,073",0.595,59.5,0.187,18.7,0.497,49.7,0.0556,5.56,"2,930,419",48.669026,19.699024
Slovenia,103,SI,0.307,30.7,"20,273","7,000",9.4,386,Ljubljana,"12,633",111.05,0.016,1.6,EUR,1.6,0.62,62,1.32,"53,742,159,517",1.004,100.4,0.786,78.6,1.7,Ljubljana,81,7,5.25,Slovene language,0.125,12.5,3.09,"2,087,946",0.584,58.4,0.186,18.6,0.31,31,0.042,4.2,"1,144,654",46.151241,14.995463
Solomon Islands,25,SB,0.039,3.9,"28,896",,32.44,677,Honiara,169,133.06,0.016,1.6,SBD,4.4,0.779,77.9,,"1,425,074,226",1.062,106.2,,0,17.1,Honiara,72.8,104,0.4,English,0.033,3.3,0.19,"669,823",0.838,83.8,0.295,29.5,0.32,32,0.0058,0.58,"162,164",-9.64571,160.156194
Somalia,25,SO,0.703,70.3,"637,657","20,000",41.75,252,Mogadishu,645,,,0,SOS,6.07,0.1,10,1.41,"4,720,727,278",0.234,23.4,0.025,2.5,76.6,Bosaso,57.1,829,,Arabic,,0,0.02,"15,442,905",0.474,47.4,0,0,,0,0.1135,11.35,"7,034,861",5.152149,46.199616
South Africa,49,ZA,0.798,79.8,"1,219,090","80,000",20.51,27,Pretoria,"476,644",158.93,0.041,4.1,ZAR,2.41,0.076,7.6,0.92,"351,431,649,241",1.009,100.9,0.224,22.4,28.5,Johannesburg,63.9,119,,Afrikaans,0.077,7.7,0.91,"58,558,270",0.56,56,0.275,27.5,0.292,29.2,0.2818,28.18,"39,149,717",-30.559482,22.937506
South Korea,527,KR,0.174,17.4,"99,720","634,000",6.4,82,Seoul,"620,302",115.16,0.004,0.4,KRW,0.98,0.634,63.4,1.22,"2,029,000,000,000",0.981,98.1,0.943,94.3,2.7,Seoul,82.6,11,6.49,Korean,0.368,36.8,2.36,"51,709,098",0.63,63,0.156,15.6,0.332,33.2,0.0415,4.15,"42,106,719",35.907757,127.766922
South Sudan,18,SS,,0,"644,329","185,000",35.01,211,Juba,"1,727","4,583.71",1.879,187.9,SSP,4.7,,0,0.28,"11,997,800,751",0.73,73,,0,63.7,Juba,57.6,1150,,English,0.613,61.3,,"11,062,113",0.724,72.4,,0,0.314,31.4,0.1224,12.24,"2,201,250",6.8769919,31.3069788
Spain,94,ES,0.526,52.6,"505,370","196,000",7.9,34,Madrid,"244,002",110.96,0.007,0.7,EUR,1.26,0.369,36.9,1.26,"1,394,116,310,769",1.027,102.7,0.889,88.9,2.5,Madrid,83.3,4,5.6,Spanish,0.242,24.2,3.87,"47,076,781",0.575,57.5,0.142,14.2,0.47,47,0.1396,13.96,"37,927,409",40.463667,-3.74922
Sri Lanka,341,LK,0.437,43.7,"65,610","317,000",15.83,94,Colombo,"23,362",155.53,0.035,3.5,LKR,2.2,0.329,32.9,0.88,"84,008,783,756",1.002,100.2,0.196,19.6,6.4,Colombo,76.8,36,0.35,Tamil,0.384,38.4,1,"21,803,000",0.539,53.9,0.119,11.9,0.552,55.2,0.042,4.2,"4,052,088",7.873054,80.771797
Sudan,25,SD,0.287,28.7,"1,861,484","124,000",32.18,249,Khartoum,"20,000","1,344.19",0.51,51,SDG,4.41,0.081,8.1,0.95,"18,902,284,476",0.768,76.8,0.169,16.9,42.1,Omdurman,65.1,295,0.41,Arabic,0.632,63.2,0.26,"42,813,238",0.484,48.4,0.08,8,0.454,45.4,0.1653,16.53,"14,957,233",12.862807,30.217636
Suriname,4,SR,0.006,0.6,"163,820","2,000",18.54,597,Paramaribo,"1,738",294.66,0.22,22,SRD,2.42,0.983,98.3,1.29,"3,985,250,737",1.088,108.8,0.126,12.6,16.9,Paramaribo,71.6,120,,Dutch,0.101,10.1,1.21,"581,372",0.511,51.1,0.195,19.5,0.279,27.9,0.0733,7.33,"384,258",3.919305,-56.027783
Sweden,25,SE,0.074,7.4,"450,295","30,000",11.4,46,Stockholm,"43,252",110.51,0.018,1.8,SEK,1.76,0.689,68.9,1.42,"530,832,908,738",1.266,126.6,0.67,67,2.2,S�����,82.5,4,,Swedish,0.152,15.2,3.98,"10,285,453",0.646,64.6,0.279,27.9,0.491,49.1,0.0648,6.48,"9,021,165",60.128161,18.643501
Switzerland,219,CH,0.384,38.4,"41,277","21,000",10,41,Bern,"34,477",99.55,0.004,0.4,CHF,1.52,0.318,31.8,1.45,"703,082,435,360",1.052,105.2,0.596,59.6,3.7,Z���,83.6,5,,German,0.283,28.3,4.3,"8,574,832",0.683,68.3,0.101,10.1,0.288,28.8,0.0458,4.58,"6,332,428",46.818188,8.227512
Syria,95,SY,0.758,75.8,"185,180","239,000",23.69,963,Damascus,"28,830",143.2,0.367,36.7,SYP,2.81,0.027,2.7,0.83,"40,405,006,007",0.817,81.7,0.401,40.1,14,Damascus,71.8,31,1.02,Arabic,0.537,53.7,1.22,"17,070,135",0.441,44.1,0.142,14.2,0.427,42.7,0.0837,8.37,"9,358,019",34.802075,38.996815
Tajikistan,68,TJ,0.341,34.1,"144,100","17,000",30.76,992,Dushanbe,"5,310",148.57,0.06,6,TJS,3.59,0.03,3,0.71,"8,116,626,794",1.009,100.9,0.313,31.3,30.4,Dushanbe,70.9,17,0.23,Persian,0.631,63.1,1.7,"9,321,018",0.42,42,0.098,9.8,0.673,67.3,0.1102,11.02,"2,545,477",38.861034,71.276093
Tanzania,67,TZ,0.448,44.8,"947,300","28,000",36.7,255,Dodoma,"11,973",187.43,0.035,3.5,TZS,4.89,0.516,51.6,0.87,"63,177,068,175",0.942,94.2,0.04,4,37.6,Dar es Salaam,65,524,0.09,Swahili,0.261,26.1,0.01,"58,005,463",0.834,83.4,0.115,11.5,0.438,43.8,0.0198,1.98,"20,011,885",-6.369028,34.888822
Thailand,137,TH,0.433,43.3,"513,120","455,000",10.34,66,Bangkok,"283,763",113.27,0.007,0.7,THB,1.53,0.322,32.2,0.71,"543,649,976,166",0.998,99.8,0.493,49.3,7.8,Bangkok,76.9,37,1.06,Thai,0.118,11.8,0.81,"69,625,582",0.673,67.3,0.149,14.9,0.295,29.5,0.0075,0.75,"35,294,600",15.870032,100.992541
East Timor,89,TL,0.256,25.6,"14,874","2,000",29.42,670,Dili,495,145.38,0.026,2.6,USD,4.02,0.454,45.4,1.1,"1,673,540,300",1.153,115.3,0.178,17.8,39.3,Dili,69.3,142,0.6,Portuguese,0.102,10.2,0.72,"3,500,000",0.673,67.3,0.25,25,0.173,17.3,0.0455,4.55,"400,182",-8.874217,125.727539
Togo,152,TG,0.702,70.2,"56,785","10,000",33.11,228,Lom�,"3,000",113.3,0.007,0.7,XOF,4.32,0.031,3.1,0.71,"5,459,979,417",1.238,123.8,0.145,14.5,47.4,Lom�,60.8,396,0.34,French,0.51,51,0.08,"8,082,366",0.776,77.6,0.169,16.9,0.482,48.2,0.0204,2.04,"3,414,638",8.619543,0.824782
Tonga,147,TO,0.458,45.8,747,,24.3,676,Nuku����,128,121.09,0.074,7.4,TOP,3.56,0.125,12.5,,"450,353,314",1.163,116.3,0.064,6.4,13.4,Nuku����,70.8,52,,Tongan Language,0.102,10.2,0.52,"100,209",0.598,59.8,0.223,22.3,0.275,27.5,0.0112,1.12,"24,145",-21.178986,-175.198242
Trinidad and Tobago,273,TT,0.105,10.5,"5,128","4,000",12.94,1,Port of Spain,"43,868",141.75,0.01,1,TTD,1.73,0.46,46,0.54,"24,100,202,834",1.062,106.2,0.12,12,16.4,Chaguanas,73.4,67,2.25,English,0.373,37.3,4.17,"1,394,973",0.6,60,0.195,19.5,0.405,40.5,0.0269,2.69,"741,944",10.691803,-61.222503
Tunisia,76,TN,0.648,64.8,"163,610","48,000",17.56,216,Tunis,"29,937",155.33,0.067,6.7,TND,2.2,0.068,6.8,0.73,"38,797,709,924",1.154,115.4,0.317,31.7,14.6,Tunis,76.5,43,0.47,Arabic,0.398,39.8,1.3,"11,694,719",0.461,46.1,0.211,21.1,0.607,60.7,0.1602,16.02,"8,099,061",33.886917,9.537499
Turkey,110,TR,0.498,49.8,"783,562","512,000",16.03,90,Ankara,"372,725",234.44,0.152,15.2,TRY,2.07,0.154,15.4,1.42,"754,411,708,203",0.932,93.2,0.239,23.9,9.1,Istanbul,77.4,17,3.45,Turkish,0.169,16.9,1.85,"83,429,615",0.528,52.8,0.179,17.9,0.423,42.3,0.1349,13.49,"63,097,818",38.963745,35.243322
Turkmenistan,13,TM,0.72,72,"488,100","42,000",23.83,993,Ashgabat,"70,630",,,0,TMT,2.79,0.088,8.8,0.29,"40,761,142,857",0.884,88.4,0.08,8,39.3,Ashgabat,68.1,7,0.88,Turkmen,0.711,71.1,2.22,"5,942,089",0.645,64.5,,0,,0,0.0391,3.91,"3,092,738",38.969719,59.556278
Tuvalu,393,TV,0.6,60,26,,,688,Funafuti,11,,,0,AUD,,0.333,33.3,,"47,271,463",0.86,86,,0,20.6,Singapore,,,,Tuvaluan Language,0.007,0.7,0.92,"11,646",,0,,0,,0,,0,"7,362",-7.109535,177.64933
Uganda,229,UG,0.719,71.9,"241,038","46,000",38.14,256,Kampala,"5,680",173.87,0.029,2.9,UGX,4.96,0.097,9.7,0.94,"34,387,229,486",1.027,102.7,0.048,4.8,33.8,Buganda,63,375,0.01,Swahili,0.405,40.5,0.17,"44,269,594",0.703,70.3,0.117,11.7,0.337,33.7,0.0184,1.84,"10,784,516",1.373333,32.290275
Ukraine,75,UA,0.717,71.7,"603,550","297,000",8.7,380,Kyiv,"202,250",281.66,0.079,7.9,UAH,1.3,0.167,16.7,0.83,"153,781,069,118",0.99,99,0.827,82.7,7.5,Kyiv,71.6,19,0.84,Ukrainian,0.478,47.8,2.99,"44,385,155",0.542,54.2,0.201,20.1,0.452,45.2,0.0888,8.88,"30,835,699",48.379433,31.16558
United Arab Emirates,118,AE,0.055,5.5,"83,600","63,000",10.33,971,Abu Dhabi,"206,324",114.52,-0.019,-1.9,AED,1.41,0.046,4.6,0.49,"421,142,267,938",1.084,108.4,0.368,36.8,6.5,Dubai,77.8,3,,Arabic,0.178,17.8,2.53,"9,770,529",0.821,82.1,0.001,0.1,0.159,15.9,0.0235,2.35,"8,479,744",23.424076,53.847818
United Kingdom,281,GB,0.717,71.7,"243,610","148,000",11,44,London,"379,025",119.62,0.017,1.7,GBP,1.68,0.131,13.1,1.46,"2,827,113,184,696",1.012,101.2,0.6,60,3.6,London,81.3,7,10.13,English,0.148,14.8,2.81,"66,834,405",0.628,62.8,0.255,25.5,0.306,30.6,0.0385,3.85,"55,908,316",55.378051,-3.435973
United States,36,US,0.444,44.4,"9,833,517","1,359,000",11.6,1,"Washington, D.C.","5,006,302",117.24,0.075,7.5,USD,1.73,0.339,33.9,0.71,"21,427,700,000,000",1.018,101.8,0.882,88.2,5.6,New York City,78.5,19,7.25,None,0.111,11.1,2.61,"328,239,523",0.62,62,0.096,9.6,0.366,36.6,0.147,14.7,"270,663,028",37.09024,-95.712891
Uruguay,20,UY,0.826,82.6,"176,215","22,000",13.86,598,Montevideo,"6,766",202.92,0.079,7.9,UYU,1.97,0.107,10.7,1.5,"56,045,912,952",1.085,108.5,0.631,63.1,6.4,Montevideo,77.8,17,1.66,Spanish,0.162,16.2,5.05,"3,461,734",0.64,64,0.201,20.1,0.418,41.8,0.0873,8.73,"3,303,394",-32.522779,-55.765835
Uzbekistan,79,UZ,0.629,62.9,"447,400","68,000",23.3,998,Tashkent,"91,811",,,0,UZS,2.42,0.075,7.5,1.03,"57,921,286,440",1.042,104.2,0.101,10.1,19.1,Tashkent,71.6,29,0.24,Uzbek,0.427,42.7,2.37,"33,580,650",0.651,65.1,0.148,14.8,0.316,31.6,0.0592,5.92,"16,935,729",41.377491,64.585262
Vanuatu,25,VU,0.153,15.3,"12,189",,29.6,678,Port Vila,147,117.13,0.028,2.8,VUV,3.78,0.361,36.1,1.31,"917,058,851",1.093,109.3,0.047,4.7,22.3,Port Vila,70.3,72,1.56,French,0.089,8.9,0.17,"299,882",0.699,69.9,0.178,17.8,0.085,8.5,0.0439,4.39,"76,152",-15.376706,166.959158
Venezuela,32,VE,0.245,24.5,"912,050","343,000",17.88,58,Caracas,"164,175","2,740.27",2.549,254.9,VED,2.27,0.527,52.7,0,"482,359,318,768",0.972,97.2,0.793,79.3,21.4,Caracas,72.1,125,0.01,Spanish,0.458,45.8,1.92,"28,515,829",0.597,59.7,,0,0.733,73.3,0.088,8.8,"25,162,368",6.42375,-66.58973
Vietnam,314,VN,0.393,39.3,"331,210","522,000",16.75,84,Hanoi,"192,668",163.52,0.028,2.8,VND,2.05,0.481,48.1,0.8,"261,921,244,843",1.106,110.6,0.285,28.5,16.5,Ho Chi Minh City,75.3,43,0.73,Vietnamese,0.435,43.5,0.82,"96,462,106",0.774,77.4,0.191,19.1,0.376,37.6,0.0201,2.01,"35,332,140",14.058324,108.277199
Yemen,56,YE,0.446,44.6,"527,968","40,000",30.45,967,Sanaa,"10,609",157.58,0.081,8.1,YER,3.79,0.01,1,0.92,"26,914,402,224",0.936,93.6,0.102,10.2,42.9,Sanaa,66.1,164,,Arabic,0.81,81,0.31,"29,161,922",0.38,38,,0,0.266,26.6,0.1291,12.91,"10,869,523",15.552727,48.516388
Zambia,25,ZM,0.321,32.1,"752,618","16,000",36.19,260,Lusaka,"5,141",212.31,0.092,9.2,ZMW,4.63,0.652,65.2,1.4,"23,064,722,446",0.987,98.7,0.041,4.1,40.4,Lusaka,63.5,213,0.24,English,0.275,27.5,1.19,"17,861,030",0.746,74.6,0.162,16.2,0.156,15.6,0.1143,11.43,"7,871,713",-13.133897,27.849332
Zimbabwe,38,ZW,0.419,41.9,"390,757","51,000",30.68,263,Harare,"10,983",105.51,0.009,0.9,,3.62,0.355,35.5,1.34,"21,440,758,800",1.099,109.9,0.1,10,33.9,Harare,61.2,458,,Shona,0.258,25.8,0.21,"14,645,468",0.831,83.1,0.207,20.7,0.316,31.6,0.0495,4.95,"4,717,305",-19.015438,29.154857
